-- =========================================
-- Seed Data for وعي يمر من كربلاء
-- =========================================

TRUNCATE TABLE seasons CASCADE;

INSERT INTO seasons (id, title, intro, is_active)
VALUES ('11111111-1111-1111-1111-111111111111', 'وعيٌ يمرّ من كربلاء', 'ليست كربلاء حدثًا يُروى فقط…
ولا موسمًا للحزن العابر…
بل مدرسة تُقرأ، وتجربة يُعاد اكتشاف الإنسان من خلالها.
في هذا الموسم نحاول أن نقترب من أسئلة الإنسان المعاصر… من قلقه، وتعلّقه، وأسئلته، وخوفه، وعلاقاته، وهروبه، وضعفه، ومعناه… لنقرأها من نافذة عاشوراء.
كيف يتحول الحزن إلى وعي؟
وكيف تتحول المشاعر إلى موقف؟
وكيف يبقى الحسين (ع) حاضرًا في القرار… لا في الذكرى فقط؟
تضم هذه الصفحة:
• ملخصات الليالي ومحاورها الرئيسة
• المصادر العلمية والدينية المعتمدة
• التسجيلات الصوتية (تُضاف تباعًا)
• أسئلة للتأمل وخطوات عملية بعد كل ليلة', true);

INSERT INTO nights (id, season_id, number, title, slug, teaser, why_important, central_idea, quote, quote_author, reflection_question, practical_step, status, sort_order)
VALUES ('22222222-2222-2222-2222-222222220001', '11111111-1111-1111-1111-111111111111', 1, 'هل نمارس عاشوراء أم نعيشها؟', 'night-1', 'هل يمكن أن نحضر عاشوراء كل عام… دون أن تغيّرنا عاشوراء؟
هل يكفي الحزن، والبكاء، والمجالس… إذا بقيت الحياة كما هي؟
في هذه الليلة نقترب من سؤالٍ صعب لكنه ضروري: هل نمارس عاشوراء بوصفها طقسًا… أم نعيشها بوصفها موقفًا يغيّر الإنسان؟', 'لأن الخطر ليس في نسيان الحسين (ع)… بل في الاعتياد عليه.
أن تتحول كربلاء إلى ذكرى مؤثرة… دون أثرٍ حقيقي في القرار، والسلوك، وطريقة الحياة.', 'عاشوراء ليست حدثًا نبكيه فقط… بل مشروع وعي ومسؤولية. والمشكلة ليست في قلة الحب للحسين (ع)… بل حين لا يتحول الحب إلى موقف.', 'إنما خرجت لطلب الإصلاح', 'الإمام الحسين (ع)', 'لو سألني أحد: ما الذي غيّرته عاشوراء فيّ فعلًا؟
هل أملك جوابًا واضحًا؟', 'اختر قيمة واحدة من كربلاء (الصدق، الثبات، الرحمة، الإصلاح…)
واجعلها التزامًا عمليًا لمدة 30 يومًا بعد الموسم.', 'published', 1);

INSERT INTO topics (id, night_id, title, content, sort_order) VALUES ('33333333-3333-3333-3333-333300010000', '22222222-2222-2222-2222-222222220001', 'ما الفرق بين ممارسة عاشوراء وعيش عاشوراء؟', '• الطقس أم التحول؟\n• التأثر المؤقت أم التغيير الحقيقي؟\n• كيف تتحول الذكرى إلى وعي؟', 1);
INSERT INTO topics (id, night_id, title, content, sort_order) VALUES ('33333333-3333-3333-3333-333300010001', '22222222-2222-2222-2222-222222220001', 'لماذا لا تغيّرنا المشاعر دائمًا؟', '• العاطفة المؤقتة.\n• الاعتياد الديني.\n• الشعور الزائف بالإنجاز الروحي.', 2);
INSERT INTO topics (id, night_id, title, content, sort_order) VALUES ('33333333-3333-3333-3333-333300010002', '22222222-2222-2222-2222-222222220001', 'ماذا يعني أن نعيش الحسين؟', '• الحسين في القرار اليومي.\n• الإصلاح كمسؤولية.\n• الثبات على المبدأ.', 3);
INSERT INTO topics (id, night_id, title, content, sort_order) VALUES ('33333333-3333-3333-3333-333300010003', '22222222-2222-2222-2222-222222220001', 'كربلاء: مدرسة موقف', '• لماذا لم تكن كربلاء مجرد عاطفة؟\n• الحب الذي تحوّل إلى تضحية.\n• كيف عاش أصحاب الحسين القضية؟', 4);
INSERT INTO topics (id, night_id, title, content, sort_order) VALUES ('33333333-3333-3333-3333-333300010004', '22222222-2222-2222-2222-222222220001', 'كيف تتحول عاشوراء إلى أثر؟', '• مراجعة الذات بعد الموسم.\n• اختيار قيمة حسينية للعيش بها.\n• تحويل الوعي إلى ممارسة.', 5);

INSERT INTO verses (id, night_id, content, sort_order) VALUES ('44444444-4444-4444-4444-444400010000', '22222222-2222-2222-2222-222222220001', '﴿إِنَّ اللَّهَ لَا يُغَيِّرُ مَا بِقَوْمٍ﴾', 1);
INSERT INTO verses (id, night_id, content, sort_order) VALUES ('44444444-4444-4444-4444-444400010001', '22222222-2222-2222-2222-222222220001', '﴿لِمَ تَقُولُونَ مَا لَا تَفْعَلُونَ﴾', 2);
INSERT INTO verses (id, night_id, content, sort_order) VALUES ('44444444-4444-4444-4444-444400010002', '22222222-2222-2222-2222-222222220001', '﴿وَقِفُوهُمْ إِنَّهُم مَّسْئُولُونَ﴾', 3);

INSERT INTO narrations (id, night_id, content, sort_order) VALUES ('55555555-5555-5555-5555-555500010000', '22222222-2222-2222-2222-222222220001', 'الإمام الحسين (ع): «إنما خرجت لطلب الإصلاح».', 1);
INSERT INTO narrations (id, night_id, content, sort_order) VALUES ('55555555-5555-5555-5555-555500010001', '22222222-2222-2222-2222-222222220001', 'كلمات أهل البيت (ع) في أثر العمل لا الشعور فقط.', 2);
INSERT INTO narrations (id, night_id, content, sort_order) VALUES ('55555555-5555-5555-5555-555500010002', '22222222-2222-2222-2222-222222220001', 'مفهوم البصيرة والثبات في النهضة الحسينية.', 3);

INSERT INTO resources (id, night_id, title, url, sort_order) VALUES ('66666666-6666-6666-6666-666600010000', '22222222-2222-2222-2222-222222220001', '[في النفس والسلوك] Behaviour Change (التغيير السلوكي).', '#', 1);
INSERT INTO resources (id, night_id, title, url, sort_order) VALUES ('66666666-6666-6666-6666-666600010001', '22222222-2222-2222-2222-222222220001', '[في النفس والسلوك] Habit Formation (بناء العادات).', '#', 2);
INSERT INTO resources (id, night_id, title, url, sort_order) VALUES ('66666666-6666-6666-6666-666600010002', '22222222-2222-2222-2222-222222220001', '[في النفس والسلوك] Emotional Motivation vs Sustainable Change (العاطفة والتغيير المستدام).', '#', 3);
INSERT INTO resources (id, night_id, title, url, sort_order) VALUES ('66666666-6666-6666-6666-666600010003', '22222222-2222-2222-2222-222222220001', '[في الوعي الديني] العلاقة بين الطقس والتحول الداخلي.', '#', 4);
INSERT INTO resources (id, night_id, title, url, sort_order) VALUES ('66666666-6666-6666-6666-666600010004', '22222222-2222-2222-2222-222222220001', '[في الوعي الديني] أثر الممارسة المتكررة في تشكيل الهوية.', '#', 5);

INSERT INTO cards (id, night_id, slug, type, title, content, status) VALUES ('77777777-7777-7777-7777-777700010000', '22222222-2222-2222-2222-222222220001', 'quote-night-1', 'quote', 'الإمام الحسين (ع)', 'إنما خرجت لطلب الإصلاح', 'published');
INSERT INTO cards (id, night_id, slug, type, title, content, status) VALUES ('77777777-7777-7777-7777-777700010001', '22222222-2222-2222-2222-222222220001', 'reflection-night-1', 'reflection', 'سؤال للتأمل', 'لو سألني أحد: ما الذي غيّرته عاشوراء فيّ فعلًا؟
هل أملك جوابًا واضحًا؟', 'published');

INSERT INTO nights (id, season_id, number, title, slug, teaser, why_important, central_idea, quote, quote_author, reflection_question, practical_step, status, sort_order)
VALUES ('22222222-2222-2222-2222-222222220002', '11111111-1111-1111-1111-111111111111', 2, 'التطرف العاطفي والوعي الرسالي', 'night-2', 'هل يمكن أن يحبّ الإنسان الحسين كثيرًا… ثم لا يسير مع الحسين؟
هل تكفي الدمعة وحدها؟ أم أن المشاعر — مهما كانت صادقة — قد تتحول أحيانًا إلى بديلٍ عن التغيير الحقيقي؟
في هذه الليلة نقترب من سؤالٍ صعب: متى تصبح العاطفة وقودًا للرسالة… ومتى تتحول إلى راحةٍ تشعرنا أننا أدّينا ما علينا؟', 'لأن المشكلة ليست في قلة المشاعر… بل أحيانًا في الاكتفاء بها.
أن يتأثر الإنسان كثيرًا… دون أن يتغير كثيرًا.', 'العاطفة ليست مشكلة… بل ضرورة إنسانية ودينية. لكن حين تنفصل عن الوعي والبصيرة قد تتحول من وقودٍ للتغيير… إلى بديلٍ عنه.', 'العامل على غير بصيرة كالسائر على غير الطريق، لا تزيده سرعة السير إلا بُعدًا', 'الإمام جعفر الصادق (ع)', 'هل غيّرتني المشاعر التي أعيشها… أم فقط حرّكتني مؤقتًا؟', 'اختر قيمة حسينية واحدة هذا الأسبوع (الصدق، الإصلاح، الرحمة، الثبات)… وحوّلها إلى ممارسة يومية صغيرة.', 'published', 2);

INSERT INTO topics (id, night_id, title, content, sort_order) VALUES ('33333333-3333-3333-3333-333300020000', '22222222-2222-2222-2222-222222220002', 'هل يمكن للمشاعر النبيلة أن تصبح خطرًا؟', '• النية الحسنة لا تكفي دائمًا.\n• الحب بلا بصيرة.\n• لماذا لا تقود المشاعر دائمًا إلى نتائج صحيحة؟', 1);
INSERT INTO topics (id, night_id, title, content, sort_order) VALUES ('33333333-3333-3333-3333-333300020001', '22222222-2222-2222-2222-222222220002', 'لماذا خلق الله العاطفة؟', '• العاطفة كمحرّك وجودي.\n• البكاء في القرآن وسيرة الأنبياء.\n• هل أُريد للدمعة أن تكون محطة… أم وقودًا؟', 2);
INSERT INTO topics (id, night_id, title, content, sort_order) VALUES ('33333333-3333-3333-3333-333300020002', '22222222-2222-2222-2222-222222220002', 'هل العاطفة وحدها تغيّر الإنسان؟', '• لماذا لا تكفي المشاعر وحدها؟\n• الشعور الزائف بالإنجاز الأخلاقي.\n• لماذا يتأثر بعض الناس… ثم يعود كل شيء كما كان؟', 3);
INSERT INTO topics (id, night_id, title, content, sort_order) VALUES ('33333333-3333-3333-3333-333300020003', '22222222-2222-2222-2222-222222220002', 'كربلاء: الحب الذي لم يتحول إلى موقف', '• أهل الكوفة: حب بلا ثبات.\n• كيف اجتمع حب الحسين… مع خذلان الحسين؟\n• الفرق بين التأثر… والنصرة.', 4);
INSERT INTO topics (id, night_id, title, content, sort_order) VALUES ('33333333-3333-3333-3333-333300020004', '22222222-2222-2222-2222-222222220002', 'ما معنى الوعي الرسالي؟', '• تحويل الحب إلى مسؤولية.\n• الثبات بدل الانفعال المؤقت.\n• أن يبقى الحسين حاضرًا في القرار اليومي.', 5);

INSERT INTO verses (id, night_id, content, sort_order) VALUES ('44444444-4444-4444-4444-444400020000', '22222222-2222-2222-2222-222222220002', '﴿قُلْ هَلْ نُنَبِّئُكُم بِالْأَخْسَرِينَ أَعْمَالًا﴾', 1);
INSERT INTO verses (id, night_id, content, sort_order) VALUES ('44444444-4444-4444-4444-444400020001', '22222222-2222-2222-2222-222222220002', '﴿قُلْ هَذِهِ سَبِيلِي أَدْعُو إِلَى اللَّهِ عَلَى بَصِيرَةٍ﴾', 2);
INSERT INTO verses (id, night_id, content, sort_order) VALUES ('44444444-4444-4444-4444-444400020002', '22222222-2222-2222-2222-222222220002', '﴿أَفَلَا يَتَدَبَّرُونَ﴾', 3);

INSERT INTO narrations (id, night_id, content, sort_order) VALUES ('55555555-5555-5555-5555-555500020000', '22222222-2222-2222-2222-222222220002', 'الإمام الصادق (ع): «العامل على غير بصيرة…».', 1);
INSERT INTO narrations (id, night_id, content, sort_order) VALUES ('55555555-5555-5555-5555-555500020001', '22222222-2222-2222-2222-222222220002', 'كلمات العلماء حول الوعي الحسيني والتغيير.', 2);
INSERT INTO narrations (id, night_id, content, sort_order) VALUES ('55555555-5555-5555-5555-555500020002', '22222222-2222-2222-2222-222222220002', 'الإمام الحسين (ع): «إنما خرجت لطلب الإصلاح».', 3);

INSERT INTO resources (id, night_id, title, url, sort_order) VALUES ('66666666-6666-6666-6666-666600020000', '22222222-2222-2222-2222-222222220002', '[في النفس والسلوك] Moral Licensing (الترخيص الأخلاقي).', '#', 1);
INSERT INTO resources (id, night_id, title, url, sort_order) VALUES ('66666666-6666-6666-6666-666600020001', '22222222-2222-2222-2222-222222220002', '[في النفس والسلوك] Emotional Peak & Emotional Crash (الذروة والهبوط العاطفي).', '#', 2);
INSERT INTO resources (id, night_id, title, url, sort_order) VALUES ('66666666-6666-6666-6666-666600020002', '22222222-2222-2222-2222-222222220002', '[في النفس والسلوك] Behaviour Change (التغيير السلوكي).', '#', 3);
INSERT INTO resources (id, night_id, title, url, sort_order) VALUES ('66666666-6666-6666-6666-666600020003', '22222222-2222-2222-2222-222222220002', '[في الوعي والتأثير] العلاقة بين العاطفة والتغيير المستدام.', '#', 4);
INSERT INTO resources (id, night_id, title, url, sort_order) VALUES ('66666666-6666-6666-6666-666600020004', '22222222-2222-2222-2222-222222220002', '[في الوعي والتأثير] أثر المعنى على ثبات السلوك.', '#', 5);

INSERT INTO cards (id, night_id, slug, type, title, content, status) VALUES ('77777777-7777-7777-7777-777700020000', '22222222-2222-2222-2222-222222220002', 'quote-night-2', 'quote', 'الإمام جعفر الصادق (ع)', 'العامل على غير بصيرة كالسائر على غير الطريق، لا تزيده سرعة السير إلا بُعدًا', 'published');
INSERT INTO cards (id, night_id, slug, type, title, content, status) VALUES ('77777777-7777-7777-7777-777700020001', '22222222-2222-2222-2222-222222220002', 'reflection-night-2', 'reflection', 'سؤال للتأمل', 'هل غيّرتني المشاعر التي أعيشها… أم فقط حرّكتني مؤقتًا؟', 'published');

INSERT INTO nights (id, season_id, number, title, slug, teaser, why_important, central_idea, quote, quote_author, reflection_question, practical_step, status, sort_order)
VALUES ('22222222-2222-2222-2222-222222220003', '11111111-1111-1111-1111-111111111111', 3, 'اختزال المعرفة', 'night-3', 'هل تكفي دقيقة واحدة… لفهم الدين؟ أو لفهم الحسين؟
في زمن المقاطع السريعة والعناوين الخاطفة، نعيش وهم المعرفة… نسمع كثيرًا، لكن هل نفهم حقًا؟ وهل يمكن أن يتحول “نصف الفهم” إلى أخطر أنواع الضياع؟
في هذه الليلة نقترب من سؤالٍ مقلق: كيف تُشوَّه الحقيقة حين تُختزل؟ ولماذا أصبحت القراءة الواعية ضرورة… لا ترفًا ثقافيًا؟', 'لأن كثيرًا من أخطاء الإنسان اليوم لا تأتي من الجهل الكامل… بل من الفهم الناقص.
أن تعرف قليلًا… وتظن أنك فهمت كل شيء، قد يكون أخطر من أن لا تعرف أصلًا.', 'القراءة ليست ترفًا ثقافيًا ولا رفاهية للنخبة… بل أداة لفهم الدين، والإنسان، والحياة بوعي. والمشكلة ليست في قلة المعلومات فقط، بل في اختزال الحقيقة إلى مقاطع، وعناوين، وأنصاف أفكار.', 'الناس أعداء ما جهلوا', 'الإمام علي بن أبي طالب (ع)', 'كم فكرة تؤمن بها اليوم… لأنك فهمتها حقًا، لا لأنك سمعتها كثيرًا؟', 'اختر موضوعًا تؤمن به بشدة… وابحث هذا الأسبوع عن مصدر مختلف يشرح الفكرة من زاوية أخرى.
ليس لتغيّر رأيك… بل لتفهمه بعمق أكبر.', 'published', 3);

INSERT INTO topics (id, night_id, title, content, sort_order) VALUES ('33333333-3333-3333-3333-333300030000', '22222222-2222-2222-2222-222222220003', 'وهم المعرفة السريعة', '• كيف صنعت وسائل التواصل شعورًا زائفًا بالفهم؟\n• الفرق بين المعلومة والمعرفة.\n• لماذا لا يكفي “مقطع قصير” لفهم القضايا العميقة؟', 1);
INSERT INTO topics (id, night_id, title, content, sort_order) VALUES ('33333333-3333-3333-3333-333300030001', '22222222-2222-2222-2222-222222220003', 'خطر أنصاف الحقائق', '• كيف يضللنا الفهم المبتور؟\n• متى تصبح نصف الحقيقة أخطر من الجهل؟\n• أثر الاجتزاء على فهم الدين والتاريخ.', 2);
INSERT INTO topics (id, night_id, title, content, sort_order) VALUES ('33333333-3333-3333-3333-333300030002', '22222222-2222-2222-2222-222222220003', 'القراءة كوعي لا كمعلومات', '• لماذا نقرأ؟\n• القراءة بوصفها بناءً للفهم لا تراكمًا للمعلومات.\n• الفرق بين القراءة السطحية والقراءة الواعية.', 3);
INSERT INTO topics (id, night_id, title, content, sort_order) VALUES ('33333333-3333-3333-3333-333300030003', '22222222-2222-2222-2222-222222220003', 'كربلاء وأزمة الوعي', '• هل خُذل الحسين بسبب الجهل… أم بسبب أشباه المعرفة؟\n• كيف يصنع الوعي موقفًا؟\n• لماذا لا تكفي العاطفة وحدها دون فهم؟', 4);
INSERT INTO topics (id, night_id, title, content, sort_order) VALUES ('33333333-3333-3333-3333-333300030004', '22222222-2222-2222-2222-222222220003', 'كيف نبني وعينا؟', '• القراءة المتدرجة لا العشوائية.\n• تنويع المصادر وعدم الاكتفاء بالصوت الواحد.\n• التأمل والنقد والسؤال.', 5);

INSERT INTO verses (id, night_id, content, sort_order) VALUES ('44444444-4444-4444-4444-444400030000', '22222222-2222-2222-2222-222222220003', '﴿قُلْ هَلْ يَسْتَوِي الَّذِينَ يَعْلَمُونَ وَالَّذِينَ لَا يَعْلَمُونَ﴾', 1);
INSERT INTO verses (id, night_id, content, sort_order) VALUES ('44444444-4444-4444-4444-444400030001', '22222222-2222-2222-2222-222222220003', '﴿أَفَلَا يَتَدَبَّرُونَ الْقُرْآنَ﴾', 2);
INSERT INTO verses (id, night_id, content, sort_order) VALUES ('44444444-4444-4444-4444-444400030002', '22222222-2222-2222-2222-222222220003', '﴿فَبَشِّرْ عِبَادِ • الَّذِينَ يَسْتَمِعُونَ الْقَوْلَ فَيَتَّبِعُونَ أَحْسَنَهُ﴾', 3);

INSERT INTO narrations (id, night_id, content, sort_order) VALUES ('55555555-5555-5555-5555-555500030000', '22222222-2222-2222-2222-222222220003', 'الإمام علي (ع): «الناس أعداء ما جهلوا».', 1);
INSERT INTO narrations (id, night_id, content, sort_order) VALUES ('55555555-5555-5555-5555-555500030001', '22222222-2222-2222-2222-222222220003', 'الإمام الصادق (ع): أهمية الفهم قبل العمل.', 2);
INSERT INTO narrations (id, night_id, content, sort_order) VALUES ('55555555-5555-5555-5555-555500030002', '22222222-2222-2222-2222-222222220003', 'مدرسة أهل البيت (ع): السؤال والوعي لا الاتباع الأعمى.', 3);

INSERT INTO resources (id, night_id, title, url, sort_order) VALUES ('66666666-6666-6666-6666-666600030000', '22222222-2222-2222-2222-222222220003', '[في الوعي والمعرفة] Information vs Knowledge (المعلومة والمعرفة).', '#', 1);
INSERT INTO resources (id, night_id, title, url, sort_order) VALUES ('66666666-6666-6666-6666-666600030001', '22222222-2222-2222-2222-222222220003', '[في الوعي والمعرفة] Cognitive Biases (التحيزات المعرفية).', '#', 2);
INSERT INTO resources (id, night_id, title, url, sort_order) VALUES ('66666666-6666-6666-6666-666600030002', '22222222-2222-2222-2222-222222220003', '[في الوعي والمعرفة] أثر الاختزال الإعلامي في تشكيل الوعي.', '#', 3);
INSERT INTO resources (id, night_id, title, url, sort_order) VALUES ('66666666-6666-6666-6666-666600030003', '22222222-2222-2222-2222-222222220003', '[في القراءة والتفكير النقدي] Deep Reading (القراءة العميقة).', '#', 4);
INSERT INTO resources (id, night_id, title, url, sort_order) VALUES ('66666666-6666-6666-6666-666600030004', '22222222-2222-2222-2222-222222220003', '[في القراءة والتفكير النقدي] Media Literacy (الوعي الإعلامي).', '#', 5);
INSERT INTO resources (id, night_id, title, url, sort_order) VALUES ('66666666-6666-6666-6666-666600030005', '22222222-2222-2222-2222-222222220003', '[في القراءة والتفكير النقدي] Context & Meaning (السياق وصناعة المعنى).', '#', 6);

INSERT INTO cards (id, night_id, slug, type, title, content, status) VALUES ('77777777-7777-7777-7777-777700030000', '22222222-2222-2222-2222-222222220003', 'quote-night-3', 'quote', 'الإمام علي بن أبي طالب (ع)', 'الناس أعداء ما جهلوا', 'published');
INSERT INTO cards (id, night_id, slug, type, title, content, status) VALUES ('77777777-7777-7777-7777-777700030001', '22222222-2222-2222-2222-222222220003', 'reflection-night-3', 'reflection', 'سؤال للتأمل', 'كم فكرة تؤمن بها اليوم… لأنك فهمتها حقًا، لا لأنك سمعتها كثيرًا؟', 'published');

INSERT INTO nights (id, season_id, number, title, slug, teaser, why_important, central_idea, quote, quote_author, reflection_question, practical_step, status, sort_order)
VALUES ('22222222-2222-2222-2222-222222220004', '11111111-1111-1111-1111-111111111111', 4, 'الأمان العاطفي', 'night-4', 'لماذا يثبت بعض الناس أمام العواصف… بينما ينهار آخرون من الداخل؟
ولماذا يشعر بعضنا بالطمأنينة في العلاقات… بينما يعيش آخرون خوفًا دائمًا من الفقد، أو الرفض، أو الانكسار؟
في هذه الليلة نقترب من سؤالٍ عميق: هل الأمان العاطفي رفاهية نفسية… أم حاجة وجودية تجعل الإنسان أكثر ثباتًا في الحياة والإيمان؟', 'لأن كثيرًا من القلق، والتردد، وسوء الظن، والتعلّق المؤلم… لا يأتي من ضعف الشخصية فقط، بل من غياب الأمان العاطفي.
فالإنسان حين لا يشعر بالأمان… قد يعيش الحياة كلها في حالة دفاع وخوف.', 'الأمان العاطفي ليس رفاهية نفسية، بل حالة وجودية يشعر فيها الإنسان بأنه مقبول، مفهوم، وآمن في كرامته ومشاعره. ومن سكن قلبه بالله… امتلك طمأنينة لا تهزها العواصف بسهولة.', 'هون ما نزل بي أنه بعين الله', 'الإمام الحسين (ع)', 'حين أخاف أو أضعف… إلى ماذا ألتجئ؟
إلى الناس فقط… أم إلى شيء أعمق يثبتني؟', 'راقب هذا الأسبوع موقفًا شعرت فيه بالخوف أو القلق… واسأل نفسك:
هل ما أحتاجه فعلًا هو السيطرة… أم الطمأنينة؟', 'published', 4);

INSERT INTO topics (id, night_id, title, content, sort_order) VALUES ('33333333-3333-3333-3333-333300040000', '22222222-2222-2222-2222-222222220004', 'ما هو الأمان العاطفي؟', '• الشعور بالقبول والطمأنينة في العلاقات.\n• الفرق بين الأمان العاطفي والاعتماد المرضي.\n• لماذا يحتاج الإنسان إلى “موضع سكن” نفسي؟', 1);
INSERT INTO topics (id, night_id, title, content, sort_order) VALUES ('33333333-3333-3333-3333-333300040001', '22222222-2222-2222-2222-222222220004', 'لماذا نفقد الأمان العاطفي؟', '• تجارب الطفولة القاسية.\n• العلاقات السامة أو المهدِّدة.\n• الاعتماد المفرط على الناس بدل الله.\n• أثر السوشيال ميديا والمقارنة المستمرة.', 2);
INSERT INTO topics (id, night_id, title, content, sort_order) VALUES ('33333333-3333-3333-3333-333300040002', '22222222-2222-2222-2222-222222220004', 'كيف يظهر غياب الأمان؟', '• القلق والخوف المستمر.\n• ضعف الثقة بالنفس.\n• التعلق المؤذي أو الانسحاب.\n• هشاشة مواجهة الابتلاءات.', 3);
INSERT INTO topics (id, night_id, title, content, sort_order) VALUES ('33333333-3333-3333-3333-333300040003', '22222222-2222-2222-2222-222222220004', 'كربلاء: الثبات الداخلي وسط الخطر', '• كيف جسّد الحسين (ع) الطمأنينة رغم الألم؟\n• «هون ما نزل بي أنه بعين الله».\n• لماذا خاف بعض الناس… وثبت آخرون؟', 4);
INSERT INTO topics (id, night_id, title, content, sort_order) VALUES ('33333333-3333-3333-3333-333300040004', '22222222-2222-2222-2222-222222220004', 'كيف نبني الأمان العاطفي؟', '• تعميق العلاقة بالله.\n• إعادة تعريف القيمة الذاتية.\n• اختيار العلاقات الآمنة.\n• بناء وعي فكري وروحي أعمق.', 5);

INSERT INTO verses (id, night_id, content, sort_order) VALUES ('44444444-4444-4444-4444-444400040000', '22222222-2222-2222-2222-222222220004', '﴿هُوَ الَّذِي أَنزَلَ السَّكِينَةَ فِي قُلُوبِ الْمُؤْمِنِينَ﴾', 1);
INSERT INTO verses (id, night_id, content, sort_order) VALUES ('44444444-4444-4444-4444-444400040001', '22222222-2222-2222-2222-222222220004', '﴿أَلَا بِذِكْرِ اللَّهِ تَطْمَئِنُّ الْقُلُوبُ﴾', 2);
INSERT INTO verses (id, night_id, content, sort_order) VALUES ('44444444-4444-4444-4444-444400040002', '22222222-2222-2222-2222-222222220004', '﴿لَا خَوْفٌ عَلَيْهِمْ وَلَا هُمْ يَحْزَنُونَ﴾', 3);

INSERT INTO narrations (id, night_id, content, sort_order) VALUES ('55555555-5555-5555-5555-555500040000', '22222222-2222-2222-2222-222222220004', 'الإمام علي (ع): «من وثق بالله أراه السرور».', 1);
INSERT INTO narrations (id, night_id, content, sort_order) VALUES ('55555555-5555-5555-5555-555500040001', '22222222-2222-2222-2222-222222220004', 'الإمام الصادق (ع): «المؤمن أشد من الجبل…».', 2);
INSERT INTO narrations (id, night_id, content, sort_order) VALUES ('55555555-5555-5555-5555-555500040002', '22222222-2222-2222-2222-222222220004', 'الإمام الحسين (ع): «هون ما نزل بي أنه بعين الله».', 3);

INSERT INTO resources (id, night_id, title, url, sort_order) VALUES ('66666666-6666-6666-6666-666600040000', '22222222-2222-2222-2222-222222220004', '[في علم النفس العاطفي] Emotional Security (الأمان العاطفي).', '#', 1);
INSERT INTO resources (id, night_id, title, url, sort_order) VALUES ('66666666-6666-6666-6666-666600040001', '22222222-2222-2222-2222-222222220004', '[في علم النفس العاطفي] Attachment Theory (نظرية التعلّق).', '#', 2);
INSERT INTO resources (id, night_id, title, url, sort_order) VALUES ('66666666-6666-6666-6666-666600040002', '22222222-2222-2222-2222-222222220004', '[في علم النفس العاطفي] Self-worth & Emotional Stability (القيمة الذاتية والاستقرار النفسي).', '#', 3);
INSERT INTO resources (id, night_id, title, url, sort_order) VALUES ('66666666-6666-6666-6666-666600040003', '22222222-2222-2222-2222-222222220004', '[في النفس والروحانية] العلاقة بين الإيمان والمرونة النفسية.', '#', 4);
INSERT INTO resources (id, night_id, title, url, sort_order) VALUES ('66666666-6666-6666-6666-666600040004', '22222222-2222-2222-2222-222222220004', '[في النفس والروحانية] أثر المعنى والطمأنينة الروحية في مقاومة القلق.', '#', 5);

INSERT INTO cards (id, night_id, slug, type, title, content, status) VALUES ('77777777-7777-7777-7777-777700040000', '22222222-2222-2222-2222-222222220004', 'quote-night-4', 'quote', 'الإمام الحسين (ع)', 'هون ما نزل بي أنه بعين الله', 'published');
INSERT INTO cards (id, night_id, slug, type, title, content, status) VALUES ('77777777-7777-7777-7777-777700040001', '22222222-2222-2222-2222-222222220004', 'reflection-night-4', 'reflection', 'سؤال للتأمل', 'حين أخاف أو أضعف… إلى ماذا ألتجئ؟
إلى الناس فقط… أم إلى شيء أعمق يثبتني؟', 'published');

INSERT INTO nights (id, season_id, number, title, slug, teaser, why_important, central_idea, quote, quote_author, reflection_question, practical_step, status, sort_order)
VALUES ('22222222-2222-2222-2222-222222220005', '11111111-1111-1111-1111-111111111111', 5, 'الفهم السياقي', 'night-5', 'هل يمكن أن تتحول الحقيقة نفسها إلى ضلالة… فقط لأنها اقتُطعت من سياقها؟
كم فكرةٍ بدت صحيحة… لكنها حين انتُزعت من زمانها وظرفها صنعت فهمًا مشوّهًا؟ وكم نصٍّ أو حدثٍ حُكم عليه بعين اللحظة… لا بعين الحقيقة؟
في هذه الليلة نقترب من سؤالٍ خطير: كيف يضلّلنا نصف الفهم… حتى ونحن نظن أننا نحسن الفهم؟', 'لأن كثيرًا من الخلافات، والأحكام، وحتى الانقسامات الفكرية… لا تبدأ من الكذب، بل من اقتطاع الحقيقة من سياقها.', 'الحقيقة لا تُفهم دائمًا بالنص وحده… بل بالسياق، والزمان، والظرف، والمعنى الذي وُلدت فيه. ونصف الحقيقة قد يضلّل أكثر من الباطل الواضح.', 'انظر إلى ما قيل، ولا تنظر إلى من قال', NULL, 'كم حكمًا أصدرته في حياتك… قبل أن تعرف السياق كاملًا؟', 'هذا الأسبوع… قبل أن تحكم على فكرة أو شخص أو موقف، اسأل نفسك:
ما الذي لا أعرفه بعد؟', 'published', 5);

INSERT INTO topics (id, night_id, title, content, sort_order) VALUES ('33333333-3333-3333-3333-333300050000', '22222222-2222-2222-2222-222222220005', 'ما معنى السياق؟', '• لماذا لا يكفي النص وحده؟\n• أثر الزمان والمكان والظرف.\n• الفرق بين الفهم والاقتطاع.', 1);
INSERT INTO topics (id, night_id, title, content, sort_order) VALUES ('33333333-3333-3333-3333-333300050001', '22222222-2222-2222-2222-222222220005', 'كيف تُشوَّه الحقيقة؟', '• الاجتزاء الإعلامي.\n• الأحكام السريعة.\n• إسقاط الماضي على الحاضر والعكس.', 2);
INSERT INTO topics (id, night_id, title, content, sort_order) VALUES ('33333333-3333-3333-3333-333300050002', '22222222-2222-2222-2222-222222220005', 'الدين خارج سياقه', '• سوء فهم النصوص الدينية.\n• أسباب النزول والظروف التاريخية.\n• خطر القراءة الانتقائية.', 3);
INSERT INTO topics (id, night_id, title, content, sort_order) VALUES ('33333333-3333-3333-3333-333300050003', '22222222-2222-2222-2222-222222220005', 'كربلاء: مأساة الوعي', '• كيف رأت أمةٌ الحسين بعين السلطة؟\n• هل كان الناس يجهلون الحسين… أم يجهلون السياق؟\n• أثر الإعلام والسلطة في صناعة الفهم.', 4);
INSERT INTO topics (id, night_id, title, content, sort_order) VALUES ('33333333-3333-3333-3333-333300050004', '22222222-2222-2222-2222-222222220005', 'كيف نحمي وعينا؟', '• التثبت قبل الحكم.\n• فهم السياق قبل الموقف.\n• مقاومة التبسيط المخلّ.', 5);

INSERT INTO verses (id, night_id, content, sort_order) VALUES ('44444444-4444-4444-4444-444400050000', '22222222-2222-2222-2222-222222220005', '﴿فَتَبَيَّنُوا﴾', 1);
INSERT INTO verses (id, night_id, content, sort_order) VALUES ('44444444-4444-4444-4444-444400050001', '22222222-2222-2222-2222-222222220005', '﴿أَفَلَا يَتَدَبَّرُونَ﴾', 2);
INSERT INTO verses (id, night_id, content, sort_order) VALUES ('44444444-4444-4444-4444-444400050002', '22222222-2222-2222-2222-222222220005', '﴿وَلَا تَقْفُ مَا لَيْسَ لَكَ بِهِ عِلْمٌ﴾', 3);

INSERT INTO resources (id, night_id, title, url, sort_order) VALUES ('66666666-6666-6666-6666-666600050000', '22222222-2222-2222-2222-222222220005', '[في الفهم والسياق] Context & Meaning (السياق والمعنى).', '#', 1);
INSERT INTO resources (id, night_id, title, url, sort_order) VALUES ('66666666-6666-6666-6666-666600050001', '22222222-2222-2222-2222-222222220005', '[في الفهم والسياق] Media Literacy (الوعي الإعلامي).', '#', 2);
INSERT INTO resources (id, night_id, title, url, sort_order) VALUES ('66666666-6666-6666-6666-666600050002', '22222222-2222-2222-2222-222222220005', '[في الفهم والسياق] Cognitive Framing (الإطار المعرفي للفهم).', '#', 3);

INSERT INTO cards (id, night_id, slug, type, title, content, status) VALUES ('77777777-7777-7777-7777-777700050000', '22222222-2222-2222-2222-222222220005', 'quote-night-5', 'quote', 'اقتباس', 'انظر إلى ما قيل، ولا تنظر إلى من قال', 'published');
INSERT INTO cards (id, night_id, slug, type, title, content, status) VALUES ('77777777-7777-7777-7777-777700050001', '22222222-2222-2222-2222-222222220005', 'reflection-night-5', 'reflection', 'سؤال للتأمل', 'كم حكمًا أصدرته في حياتك… قبل أن تعرف السياق كاملًا؟', 'published');

INSERT INTO nights (id, season_id, number, title, slug, teaser, why_important, central_idea, quote, quote_author, reflection_question, practical_step, status, sort_order)
VALUES ('22222222-2222-2222-2222-222222220006', '11111111-1111-1111-1111-111111111111', 6, 'الإنسانية عقيدة', 'night-6', 'هل الإنسانية مجرد شعور… أم عقيدة تُختبر حين نختلف مع الآخرين؟
في عالمٍ أصبح فيه اللطف انتقائيًا، والرحمة مشروطة، نعود إلى مدرسةٍ علّمت البشرية معنى الإنسان: أن تعطي وأنت محتاج، وأن لا يسلبك الخلاف أخلاقك.
في هذه الليلة نقترب من سؤالٍ مهم: هل ما زالت الإنسانية قيمة ثابتة… أم أصبحت مرتبطة بمن نحب فقط؟', 'لأن الإنسان قد يكون متدينًا… لكنه قاسٍ.
وقد يمتلك شعارات أخلاقية كثيرة… لكنه ينهار أخلاقيًا عند أول خلاف.
والسؤال الحقيقي: هل أخلاقنا ثابتة… أم انتقائية؟', 'الإنسانية ليست مشاعر مؤقتة ولا أخلاقًا انتقائية، بل موقف أخلاقي عميق يظهر خصوصًا في لحظات الاختلاف والقدرة والابتلاء.', 'الناس صنفان: إما أخ لك في الدين أو نظير لك في الخلق', 'الإمام علي بن أبي طالب (ع)', 'كيف أتعامل مع من أختلف معهم؟
بإنسانية… أم برد فعل؟', 'مارس هذا الأسبوع فعل رحمة مع شخص لا تنتظر منه مقابلًا… أو تختلف معه.', 'published', 6);

INSERT INTO topics (id, night_id, title, content, sort_order) VALUES ('33333333-3333-3333-3333-333300060000', '22222222-2222-2222-2222-222222220006', 'ما معنى الإنسانية؟', '• الفرق بين الرحمة والشفقة العابرة.\n• الإنسانية كقيمة دينية لا اجتماعية فقط.\n• لماذا يصبح بعض الناس إنسانيين بشروط؟', 1);
INSERT INTO topics (id, night_id, title, content, sort_order) VALUES ('33333333-3333-3333-3333-333300060001', '22222222-2222-2222-2222-222222220006', 'حين تصبح الأخلاق انتقائية', '• لماذا نحسن لمن نحب ونقسو على من نختلف معه؟\n• الازدواجية الأخلاقية.\n• اختبار الأخلاق الحقيقي وقت الخصومة.', 2);
INSERT INTO topics (id, night_id, title, content, sort_order) VALUES ('33333333-3333-3333-3333-333300060002', '22222222-2222-2222-2222-222222220006', 'مدرسة أهل البيت والإنسانية', '• الإطعام رغم الحاجة.\n• الكرامة حتى مع المختلف.\n• الأخلاق قبل الانتصار.', 3);
INSERT INTO topics (id, night_id, title, content, sort_order) VALUES ('33333333-3333-3333-3333-333300060003', '22222222-2222-2222-2222-222222220006', 'كربلاء: الإنسانية وسط القسوة', '• الحسين (ع) وسقي جيش الحر.\n• كيف بقيت الأخلاق حاضرة حتى مع العدو؟\n• الفرق بين الموقف الصلب والقلب القاسي.', 4);
INSERT INTO topics (id, night_id, title, content, sort_order) VALUES ('33333333-3333-3333-3333-333300060004', '22222222-2222-2222-2222-222222220006', 'كيف نبني إنسانيتنا؟', '• توسيع دائرة الرحمة.\n• مقاومة القسوة اليومية.\n• مراجعة أخلاقنا وقت الغضب والاختلاف.', 5);

INSERT INTO verses (id, night_id, content, sort_order) VALUES ('44444444-4444-4444-4444-444400060000', '22222222-2222-2222-2222-222222220006', '﴿وَيُطْعِمُونَ الطَّعَامَ عَلَىٰ حُبِّهِ﴾', 1);
INSERT INTO verses (id, night_id, content, sort_order) VALUES ('44444444-4444-4444-4444-444400060001', '22222222-2222-2222-2222-222222220006', '﴿ادْفَعْ بِالَّتِي هِيَ أَحْسَنُ﴾', 2);
INSERT INTO verses (id, night_id, content, sort_order) VALUES ('44444444-4444-4444-4444-444400060002', '22222222-2222-2222-2222-222222220006', '﴿وَقُولُوا لِلنَّاسِ حُسْنًا﴾', 3);

INSERT INTO narrations (id, night_id, content, sort_order) VALUES ('55555555-5555-5555-5555-555500060000', '22222222-2222-2222-2222-222222220006', 'الإمام علي (ع): «الناس صنفان…».', 1);
INSERT INTO narrations (id, night_id, content, sort_order) VALUES ('55555555-5555-5555-5555-555500060001', '22222222-2222-2222-2222-222222220006', 'مواقف أهل البيت (ع) في الرحمة والكرامة الإنسانية.', 2);
INSERT INTO narrations (id, night_id, content, sort_order) VALUES ('55555555-5555-5555-5555-555500060002', '22222222-2222-2222-2222-222222220006', 'الحسين (ع): أخلاق المبدأ لا أخلاق المصلحة.', 3);

INSERT INTO resources (id, night_id, title, url, sort_order) VALUES ('66666666-6666-6666-6666-666600060000', '22222222-2222-2222-2222-222222220006', '[في الأخلاق والإنسانية] Empathy (التعاطف).', '#', 1);
INSERT INTO resources (id, night_id, title, url, sort_order) VALUES ('66666666-6666-6666-6666-666600060001', '22222222-2222-2222-2222-222222220006', '[في الأخلاق والإنسانية] Moral Development (النمو الأخلاقي).', '#', 2);
INSERT INTO resources (id, night_id, title, url, sort_order) VALUES ('66666666-6666-6666-6666-666600060002', '22222222-2222-2222-2222-222222220006', '[في الأخلاق والإنسانية] Compassion & Human Dignity (الرحمة والكرامة الإنسانية).', '#', 3);

INSERT INTO cards (id, night_id, slug, type, title, content, status) VALUES ('77777777-7777-7777-7777-777700060000', '22222222-2222-2222-2222-222222220006', 'quote-night-6', 'quote', 'الإمام علي بن أبي طالب (ع)', 'الناس صنفان: إما أخ لك في الدين أو نظير لك في الخلق', 'published');
INSERT INTO cards (id, night_id, slug, type, title, content, status) VALUES ('77777777-7777-7777-7777-777700060001', '22222222-2222-2222-2222-222222220006', 'reflection-night-6', 'reflection', 'سؤال للتأمل', 'كيف أتعامل مع من أختلف معهم؟
بإنسانية… أم برد فعل؟', 'published');

INSERT INTO nights (id, season_id, number, title, slug, teaser, why_important, central_idea, quote, quote_author, reflection_question, practical_step, status, sort_order)
VALUES ('22222222-2222-2222-2222-222222220007', '11111111-1111-1111-1111-111111111111', 7, 'أنماط التعلق', 'night-7', 'هل نحن أحرار فعلًا… أم أن هناك أشياء تقودنا من الداخل دون أن نشعر؟
لماذا يصعب أحيانًا ترك علاقة تؤذينا؟ أو عادة تستنزفنا؟ ولماذا نخاف الفقد أكثر مما نخاف الألم نفسه؟
في هذه الليلة نقترب من أسرار التعلّق: كيف يتعلّق الإنسان بالبشر، والعادات، وحتى بالأفكار التي تؤذيه… ومتى يتحول الحب أو الخوف إلى قيدٍ خفي؟', 'لأن كثيرًا من معاناتنا لا تأتي من الأشياء نفسها… بل من طريقة تعلّقنا بها.
أحيانًا لا يؤلمنا الفقد بقدر ما يؤلمنا خوف الفقد، ولا يربطنا الشيء لأنه جيد… بل لأننا خائفون من غيابه.', 'التعلّق ليس حبًا دائمًا… بل قد يكون خوفًا، أو احتياجًا، أو محاولة للهروب من الفراغ. والإنسان لا يفقد حريته حين يحب فقط… بل حين يصبح أسيرًا لما يحب أو يخشاه.', 'لا يكن حبك كلفًا ولا بغضك تلفًا', 'الإمام علي بن أبي طالب (ع)', 'ما الشيء أو الشخص الذي تخاف فقده… إلى درجة تشعر معها أنك قد تفقد نفسك؟', 'اسأل نفسك هذا الأسبوع:
هل أنا أحب هذا الشيء/الشخص… أم أخاف خسارته فقط؟
ثم دوّن الفرق بين الحب… والتعلّق.', 'published', 7);

INSERT INTO topics (id, night_id, title, content, sort_order) VALUES ('33333333-3333-3333-3333-333300070000', '22222222-2222-2222-2222-222222220007', 'ما هو التعلّق؟', '• الفرق بين الحب الصحي والتعلّق المؤذي.\n• لماذا يتعلق الإنسان؟\n• التعلّق كاحتياج نفسي لا كاختيار واعٍ دائمًا.', 1);
INSERT INTO topics (id, night_id, title, content, sort_order) VALUES ('33333333-3333-3333-3333-333300070001', '22222222-2222-2222-2222-222222220007', 'كيف نفقد أنفسنا داخل التعلّق؟', '• التعلق بالأشخاص.\n• التعلق بالعادات والسلوكيات.\n• التعلق بصورة الذات أو الماضي.', 2);
INSERT INTO topics (id, night_id, title, content, sort_order) VALUES ('33333333-3333-3333-3333-333300070002', '22222222-2222-2222-2222-222222220007', 'لماذا نخاف الفقد؟', '• الخوف من الوحدة.\n• الفراغ الداخلي.\n• التعلق بوصفه بحثًا عن الأمان.', 3);
INSERT INTO topics (id, night_id, title, content, sort_order) VALUES ('33333333-3333-3333-3333-333300070003', '22222222-2222-2222-2222-222222220007', 'كربلاء: الحرية من التعلّق', '• ماذا يعني أن يتحرر الإنسان من الدنيا؟\n• كيف قدّم الحسين (ع) المبدأ على التعلّقات؟\n• لماذا عجز بعض الناس عن نصرته رغم معرفتهم بالحقيقة؟', 4);
INSERT INTO topics (id, night_id, title, content, sort_order) VALUES ('33333333-3333-3333-3333-333300070004', '22222222-2222-2222-2222-222222220007', 'كيف نحرر أنفسنا؟', '• بناء المعنى الداخلي.\n• تقوية العلاقة بالله كمصدر أمان.\n• التمييز بين الحب والتعلّق.\n• التدرج في فك الارتباط المؤذي.', 5);

INSERT INTO verses (id, night_id, content, sort_order) VALUES ('44444444-4444-4444-4444-444400070000', '22222222-2222-2222-2222-222222220007', '﴿وَمِنَ النَّاسِ مَن يَتَّخِذُ مِن دُونِ اللَّهِ أَندَادًا يُحِبُّونَهُمْ كَحُبِّ اللَّهِ﴾', 1);
INSERT INTO verses (id, night_id, content, sort_order) VALUES ('44444444-4444-4444-4444-444400070001', '22222222-2222-2222-2222-222222220007', '﴿وَالَّذِينَ آمَنُوا أَشَدُّ حُبًّا لِلَّهِ﴾', 2);
INSERT INTO verses (id, night_id, content, sort_order) VALUES ('44444444-4444-4444-4444-444400070002', '22222222-2222-2222-2222-222222220007', '﴿أَلَا بِذِكْرِ اللَّهِ تَطْمَئِنُّ الْقُلُوبُ﴾', 3);

INSERT INTO narrations (id, night_id, content, sort_order) VALUES ('55555555-5555-5555-5555-555500070000', '22222222-2222-2222-2222-222222220007', 'الإمام علي (ع): «لا يكن حبك كلفًا ولا بغضك تلفًا».', 1);
INSERT INTO narrations (id, night_id, content, sort_order) VALUES ('55555555-5555-5555-5555-555500070001', '22222222-2222-2222-2222-222222220007', 'الإمام الحسين (ع): نماذج التحرر من التعلّق بالدنيا في كربلاء.', 2);
INSERT INTO narrations (id, night_id, content, sort_order) VALUES ('55555555-5555-5555-5555-555500070002', '22222222-2222-2222-2222-222222220007', 'مدرسة أهل البيت (ع): التوازن في الحب وعدم الارتهان لغير الله.', 3);

INSERT INTO resources (id, night_id, title, url, sort_order) VALUES ('66666666-6666-6666-6666-666600070000', '22222222-2222-2222-2222-222222220007', '[في علم النفس العاطفي] Attachment Theory (نظرية التعلّق).', '#', 1);
INSERT INTO resources (id, night_id, title, url, sort_order) VALUES ('66666666-6666-6666-6666-666600070001', '22222222-2222-2222-2222-222222220007', '[في علم النفس العاطفي] Emotional Dependency (الاعتماد العاطفي).', '#', 2);
INSERT INTO resources (id, night_id, title, url, sort_order) VALUES ('66666666-6666-6666-6666-666600070002', '22222222-2222-2222-2222-222222220007', '[في علم النفس العاطفي] Fear of Loss (الخوف من الفقد).', '#', 3);
INSERT INTO resources (id, night_id, title, url, sort_order) VALUES ('66666666-6666-6666-6666-666600070003', '22222222-2222-2222-2222-222222220007', '[في العلاقات والصحة النفسية] Secure vs Insecure Attachment (التعلّق الآمن وغير الآمن).', '#', 4);
INSERT INTO resources (id, night_id, title, url, sort_order) VALUES ('66666666-6666-6666-6666-666600070004', '22222222-2222-2222-2222-222222220007', '[في العلاقات والصحة النفسية] الحدود الصحية في العلاقات.', '#', 5);
INSERT INTO resources (id, night_id, title, url, sort_order) VALUES ('66666666-6666-6666-6666-666600070005', '22222222-2222-2222-2222-222222220007', '[في العلاقات والصحة النفسية] أثر الطفولة في أنماط التعلّق.', '#', 6);

INSERT INTO cards (id, night_id, slug, type, title, content, status) VALUES ('77777777-7777-7777-7777-777700070000', '22222222-2222-2222-2222-222222220007', 'quote-night-7', 'quote', 'الإمام علي بن أبي طالب (ع)', 'لا يكن حبك كلفًا ولا بغضك تلفًا', 'published');
INSERT INTO cards (id, night_id, slug, type, title, content, status) VALUES ('77777777-7777-7777-7777-777700070001', '22222222-2222-2222-2222-222222220007', 'reflection-night-7', 'reflection', 'سؤال للتأمل', 'ما الشيء أو الشخص الذي تخاف فقده… إلى درجة تشعر معها أنك قد تفقد نفسك؟', 'published');

INSERT INTO nights (id, season_id, number, title, slug, teaser, why_important, central_idea, quote, quote_author, reflection_question, practical_step, status, sort_order)
VALUES ('22222222-2222-2222-2222-222222220008', '11111111-1111-1111-1111-111111111111', 8, 'أبناءنا بين الحرية والضياع', 'night-8', 'أين ينتهي حق الأبناء في الحرية… وأين تبدأ مسؤولية الآباء؟
في زمن أصبحت فيه كلمة “هذه خصوصيتي” جدارًا مرتفعًا، يقف كثير من الآباء حائرين: هل الاقتراب رعاية… أم تدخل؟ وهل الصمت احترام… أم غياب؟
في هذه الليلة نقترب من سؤالٍ حساس: كيف نحمي أبناءنا… دون أن نخنقهم؟', 'لأن كثيرًا من البيوت اليوم لا تعاني من غياب الحب… بل من غياب التوازن.
إما رقابة تخنق الأبناء… أو حرية تتركهم يضيعون وحدهم.', 'المشكلة ليست في الحرية نفسها… بل في غياب التوازن بين الاحتواء والرقابة، والثقة والمتابعة، والحب والمسؤولية.', 'كلكم راعٍ وكلكم مسؤول عن رعيته', NULL, 'هل يعرف أبنائي أنني قريب منهم… أم فقط مسؤول عنهم؟', 'خصص هذا الأسبوع جلسة صادقة مع ابن أو ابنة… بلا نصائح ولا توجيه، فقط للاستماع.', 'published', 8);

INSERT INTO topics (id, night_id, title, content, sort_order) VALUES ('33333333-3333-3333-3333-333300080000', '22222222-2222-2222-2222-222222220008', 'ماذا تعني الحرية؟', '• الفرق بين الحرية والإهمال.\n• الخصوصية وحدودها.\n• لماذا يحتاج الأبناء حدودًا واضحة؟', 1);
INSERT INTO topics (id, night_id, title, content, sort_order) VALUES ('33333333-3333-3333-3333-333300080001', '22222222-2222-2222-2222-222222220008', 'أزمة التربية الحديثة', '• الخوف من فقدان الأبناء.\n• التربية بالخوف أو التدليل.\n• أثر السوشيال ميديا والبيئة الرقمية.', 2);
INSERT INTO topics (id, night_id, title, content, sort_order) VALUES ('33333333-3333-3333-3333-333300080002', '22222222-2222-2222-2222-222222220008', 'أين تبدأ المسؤولية؟', '• المتابعة لا التجسس.\n• الحوار بدل الأوامر فقط.\n• بناء الثقة مع الأبناء.', 3);
INSERT INTO topics (id, night_id, title, content, sort_order) VALUES ('33333333-3333-3333-3333-333300080003', '22222222-2222-2222-2222-222222220008', 'كربلاء: التربية على الوعي', '• نماذج الشباب في كربلاء.\n• كيف تُصنع الشخصية الرسالية؟\n• التربية على الاختيار لا الإكراه.', 4);
INSERT INTO topics (id, night_id, title, content, sort_order) VALUES ('33333333-3333-3333-3333-333300080004', '22222222-2222-2222-2222-222222220008', 'كيف نحمي أبناءنا؟', '• الإصغاء قبل الحكم.\n• الحضور العاطفي.\n• بناء البيئة الآمنة داخل البيت.', 5);

INSERT INTO verses (id, night_id, content, sort_order) VALUES ('44444444-4444-4444-4444-444400080000', '22222222-2222-2222-2222-222222220008', '﴿قُوا أَنفُسَكُمْ وَأَهْلِيكُمْ نَارًا﴾', 1);
INSERT INTO verses (id, night_id, content, sort_order) VALUES ('44444444-4444-4444-4444-444400080001', '22222222-2222-2222-2222-222222220008', '﴿وَأْمُرْ أَهْلَكَ بِالصَّلَاةِ﴾', 2);
INSERT INTO verses (id, night_id, content, sort_order) VALUES ('44444444-4444-4444-4444-444400080002', '22222222-2222-2222-2222-222222220008', '﴿يَا بُنَيَّ﴾ (خطاب لقمان بوصفه نموذجًا تربويًا)', 3);

INSERT INTO narrations (id, night_id, content, sort_order) VALUES ('55555555-5555-5555-5555-555500080000', '22222222-2222-2222-2222-222222220008', 'وصايا أهل البيت (ع) في التربية والحوار.', 1);
INSERT INTO narrations (id, night_id, content, sort_order) VALUES ('55555555-5555-5555-5555-555500080001', '22222222-2222-2222-2222-222222220008', 'نماذج المسؤولية الأسرية في الإسلام.', 2);

INSERT INTO resources (id, night_id, title, url, sort_order) VALUES ('66666666-6666-6666-6666-666600080000', '22222222-2222-2222-2222-222222220008', '[في التربية وعلم النفس] Parenting Styles (أنماط التربية).', '#', 1);
INSERT INTO resources (id, night_id, title, url, sort_order) VALUES ('66666666-6666-6666-6666-666600080001', '22222222-2222-2222-2222-222222220008', '[في التربية وعلم النفس] Emotional Safety (الأمان العاطفي للأبناء).', '#', 2);
INSERT INTO resources (id, night_id, title, url, sort_order) VALUES ('66666666-6666-6666-6666-666600080002', '22222222-2222-2222-2222-222222220008', '[في التربية وعلم النفس] Adolescence Psychology (علم نفس المراهقة).', '#', 3);

INSERT INTO cards (id, night_id, slug, type, title, content, status) VALUES ('77777777-7777-7777-7777-777700080000', '22222222-2222-2222-2222-222222220008', 'quote-night-8', 'quote', 'اقتباس', 'كلكم راعٍ وكلكم مسؤول عن رعيته', 'published');
INSERT INTO cards (id, night_id, slug, type, title, content, status) VALUES ('77777777-7777-7777-7777-777700080001', '22222222-2222-2222-2222-222222220008', 'reflection-night-8', 'reflection', 'سؤال للتأمل', 'هل يعرف أبنائي أنني قريب منهم… أم فقط مسؤول عنهم؟', 'published');

INSERT INTO nights (id, season_id, number, title, slug, teaser, why_important, central_idea, quote, quote_author, reflection_question, practical_step, status, sort_order)
VALUES ('22222222-2222-2222-2222-222222220009', '11111111-1111-1111-1111-111111111111', 9, 'نبحث عن الله أم نهرب منه؟', 'night-9', 'لماذا نهرب أحيانًا من الشيء الذي لا يطمئن القلب إلا به؟
نؤجل المواجهة… كما يؤجل الإنسان علاج ألمه رغم معرفته بالطريق، لا لأنه يجهل العلاج… بل لأنه يخاف وجعه.
في هذه الليلة نقترب من صراعٍ خفي يعيشه كثيرون: بين الشوق إلى الله… والخوف من الاقتراب، بين الذنب والرجوع، بين الهروب والبحث عن معنى يرمّم الداخل.', 'لأن كثيرًا من الناس لا يبتعدون عن الله لأنهم لا يؤمنون… بل لأنهم يخافون المواجهة.
مواجهة الفراغ، والذنب، والحقيقة التي يكشفها الله داخل النفس.', 'الإنسان لا يهرب من الله غالبًا… بل يهرب من الحقيقة التي يكشفها الله فيه. والعجيب أننا كلما ابتعدنا… اكتشفنا أن الطريق إلى الطمأنينة يبدأ من العودة.', 'ماذا وجد من فقدك؟ وما الذي فقد من وجدك؟', 'الإمام الحسين (ع)', 'هل ابتعادي أحيانًا عن الله… سببه عدم الإيمان، أم الخوف من مواجهة شيءٍ داخلي؟', 'خذ عشر دقائق هذا الأسبوع في خلوة صادقة… بلا طلبات كثيرة، فقط اسأل نفسك:
ما الشيء الذي أهرب من مواجهته؟', 'published', 9);

INSERT INTO topics (id, night_id, title, content, sort_order) VALUES ('33333333-3333-3333-3333-333300090000', '22222222-2222-2222-2222-222222220009', 'لماذا يشتاق الإنسان إلى الله ويخافه في الوقت نفسه؟', '• الفطرة والبحث عن المعنى.\n• لماذا لا يهدأ القلب رغم الانشغال؟\n• الشوق إلى الله وسط ضجيج الحياة.', 1);
INSERT INTO topics (id, night_id, title, content, sort_order) VALUES ('33333333-3333-3333-3333-333300090001', '22222222-2222-2222-2222-222222220009', 'لماذا نهرب من الله؟', '• لأن الله يكشف حقيقتنا.\n• الخوف من الذنب وعدم الاستحقاق.\n• وهم الاستغناء والسيطرة.', 2);
INSERT INTO topics (id, night_id, title, content, sort_order) VALUES ('33333333-3333-3333-3333-333300090002', '22222222-2222-2222-2222-222222220009', 'الهروب النفسي من الألم', '• الانشغال كوسيلة للهروب.\n• اللذة والضجيج وتأجيل المواجهة.\n• لماذا نهرب من العلاج رغم حاجتنا إليه؟', 3);
INSERT INTO topics (id, night_id, title, content, sort_order) VALUES ('33333333-3333-3333-3333-333300090003', '22222222-2222-2222-2222-222222220009', 'لماذا نعود دائمًا؟', '• لأن الإنسان لا يحتمل الفراغ الداخلي.\n• العلاقة بين الإيمان والمعنى النفسي.\n• “يا من لا ملجأ منه إلا إليه”.', 4);
INSERT INTO topics (id, night_id, title, content, sort_order) VALUES ('33333333-3333-3333-3333-333300090004', '22222222-2222-2222-2222-222222220009', 'كربلاء: بين الهروب والعودة', '• الحرّ بن يزيد: نموذج العودة الشجاعة.\n• عمر بن سعد: حين لا تكفي المعرفة وحدها.\n• الصراع داخل النفس بين الحق والخوف.', 5);

INSERT INTO verses (id, night_id, content, sort_order) VALUES ('44444444-4444-4444-4444-444400090000', '22222222-2222-2222-2222-222222220009', '﴿فَفِرُّوا إِلَى اللَّهِ﴾', 1);
INSERT INTO verses (id, night_id, content, sort_order) VALUES ('44444444-4444-4444-4444-444400090001', '22222222-2222-2222-2222-222222220009', '﴿أَلَا بِذِكْرِ اللَّهِ تَطْمَئِنُّ الْقُلُوبُ﴾', 2);
INSERT INTO verses (id, night_id, content, sort_order) VALUES ('44444444-4444-4444-4444-444400090002', '22222222-2222-2222-2222-222222220009', '﴿بَلِ الْإِنسَانُ عَلَى نَفْسِهِ بَصِيرَةٌ﴾', 3);
INSERT INTO verses (id, night_id, content, sort_order) VALUES ('44444444-4444-4444-4444-444400090003', '22222222-2222-2222-2222-222222220009', '﴿ثُمَّ تَابَ عَلَيْهِمْ لِيَتُوبُوا﴾', 4);

INSERT INTO narrations (id, night_id, content, sort_order) VALUES ('55555555-5555-5555-5555-555500090000', '22222222-2222-2222-2222-222222220009', 'دعاء أبي حمزة: «يا من لا ملجأ منه إلا إليه».', 1);
INSERT INTO narrations (id, night_id, content, sort_order) VALUES ('55555555-5555-5555-5555-555500090001', '22222222-2222-2222-2222-222222220009', 'مناجاة التائبين للإمام السجاد (ع).', 2);
INSERT INTO narrations (id, night_id, content, sort_order) VALUES ('55555555-5555-5555-5555-555500090002', '22222222-2222-2222-2222-222222220009', 'الإمام الحسين (ع): «ماذا وجد من فقدك؟».', 3);

INSERT INTO resources (id, night_id, title, url, sort_order) VALUES ('66666666-6666-6666-6666-666600090000', '22222222-2222-2222-2222-222222220009', '[في المعنى والوجود] Existential Psychology (علم النفس الوجودي).', '#', 1);
INSERT INTO resources (id, night_id, title, url, sort_order) VALUES ('66666666-6666-6666-6666-666600090001', '22222222-2222-2222-2222-222222220009', '[في المعنى والوجود] Meaning & Psychological Well-being (المعنى والرفاه النفسي).', '#', 2);
INSERT INTO resources (id, night_id, title, url, sort_order) VALUES ('66666666-6666-6666-6666-666600090002', '22222222-2222-2222-2222-222222220009', '[في المعنى والوجود] Spirituality & Resilience (الروحانية والمرونة النفسية).', '#', 3);
INSERT INTO resources (id, night_id, title, url, sort_order) VALUES ('66666666-6666-6666-6666-666600090003', '22222222-2222-2222-2222-222222220009', '[في السلوك النفسي] Avoidance Coping (الهروب النفسي من الألم).', '#', 4);
INSERT INTO resources (id, night_id, title, url, sort_order) VALUES ('66666666-6666-6666-6666-666600090004', '22222222-2222-2222-2222-222222220009', '[في السلوك النفسي] أثر الذنب والخوف على السلوك.', '#', 5);

INSERT INTO cards (id, night_id, slug, type, title, content, status) VALUES ('77777777-7777-7777-7777-777700090000', '22222222-2222-2222-2222-222222220009', 'quote-night-9', 'quote', 'الإمام الحسين (ع)', 'ماذا وجد من فقدك؟ وما الذي فقد من وجدك؟', 'published');
INSERT INTO cards (id, night_id, slug, type, title, content, status) VALUES ('77777777-7777-7777-7777-777700090001', '22222222-2222-2222-2222-222222220009', 'reflection-night-9', 'reflection', 'سؤال للتأمل', 'هل ابتعادي أحيانًا عن الله… سببه عدم الإيمان، أم الخوف من مواجهة شيءٍ داخلي؟', 'published');

INSERT INTO nights (id, season_id, number, title, slug, teaser, why_important, central_idea, quote, quote_author, reflection_question, practical_step, status, sort_order)
VALUES ('22222222-2222-2222-2222-222222220010', '11111111-1111-1111-1111-111111111111', 10, 'المقتل', 'night-10', NULL, NULL, NULL, NULL, NULL, NULL, NULL, 'draft', 10);


INSERT INTO nights (id, season_id, number, title, slug, teaser, why_important, central_idea, quote, quote_author, reflection_question, practical_step, status, sort_order)
VALUES ('22222222-2222-2222-2222-222222220011', '11111111-1111-1111-1111-111111111111', 11, 'عشر الكسل مقبرة الذات', 'night-11', 'هل الكسل مجرد راحة… أم مقبرة تُدفن فيها أحلام الإنسان وقدراته وهو ما يزال حيًا؟
في هذه الليلة نقترب من سؤالٍ مؤلم: ما الذي يعطّلنا حقًا… الظروف أم ذلك الصوت الداخلي الذي يقول: “ليس الآن”؟
ونقرأ كربلاء لا كحدثٍ حزين فقط… بل كنهضة ضد السكون والتخذيل.', 'لأن أخطر ما يقتل الإنسان ليس الفشل… بل الاعتياد على التراجع، والتسويف، وتأجيل الحياة باسم الراحة.
الكسل لا يسرق الوقت فقط… بل يسرق الإنسان من نفسه.', 'الكسل ليس مجرد قلة عمل، بل حالة نفسية وروحية قد تتحول إلى تعطيل للطاقات التي منحها الله للإنسان. ومن يعتد الراحة الزائفة قد يدفن أثره قبل أن يدفن جسده.', 'إيّاك والكسل والضجر فإنهما مفتاح كل شر', 'الإمام علي بن أبي طالب (ع)', 'ما الشيء الذي تؤجله منذ زمن… مع أنك تعرف أن تأجيله يسرق جزءًا من حياتك؟', 'اختر أمرًا صغيرًا كنت تؤجله منذ مدة… ونفّذه خلال 24 ساعة. لا تبدأ بتغيير ضخم… ابدأ بكسر عادة التأجيل.', 'published', 11);

INSERT INTO topics (id, night_id, title, content, sort_order) VALUES ('33333333-3333-3333-3333-333300110000', '22222222-2222-2222-2222-222222220011', 'ما هو الكسل؟', '• الفرق بين الراحة المشروعة والكسل المذموم.\n• الكسل كحالة نفسية قبل أن يكون سلوكًا.\n• كيف تتحول الطاقات المعطلة إلى خسارة داخلية؟', 1);
INSERT INTO topics (id, night_id, title, content, sort_order) VALUES ('33333333-3333-3333-3333-333300110001', '22222222-2222-2222-2222-222222220011', 'الكسل كمقبرة للذات', '• كيف يقتل الكسل الطموح؟\n• لماذا يعيش بعض الناس بلا أثر؟\n• القبر ينهي الجسد… لكن الكسل قد ينهي المعنى قبل الموت.', 2);
INSERT INTO topics (id, night_id, title, content, sort_order) VALUES ('33333333-3333-3333-3333-333300110002', '22222222-2222-2222-2222-222222220011', 'كربلاء: نهضة ضد السكون', '• هل كان يمكن للحسين (ع) أن يختار الراحة؟\n• كيف واجه موجات التخويف والتخذيل؟\n• الإصلاح كحركة… لا كفكرة فقط.', 3);
INSERT INTO topics (id, night_id, title, content, sort_order) VALUES ('33333333-3333-3333-3333-333300110003', '22222222-2222-2222-2222-222222220011', 'لماذا نقع في الكسل؟', '• ضعف الهدف والرسالة.\n• التسويف: “لاحقًا”.\n• التعلق بالراحة.\n• البيئة المحبطة.', 4);
INSERT INTO topics (id, night_id, title, content, sort_order) VALUES ('33333333-3333-3333-3333-333300110004', '22222222-2222-2222-2222-222222220011', 'كيف نواجه الكسل؟', '• استحضار المعنى: لماذا أعيش؟\n• تقسيم الخطوات الصغيرة.\n• محاسبة النفس يوميًا.\n• الاقتداء بأهل البيت (ع) في العمل والثبات.', 5);

INSERT INTO verses (id, night_id, content, sort_order) VALUES ('44444444-4444-4444-4444-444400110000', '22222222-2222-2222-2222-222222220011', '﴿وَأَن لَّيْسَ لِلْإِنسَانِ إِلَّا مَا سَعَى﴾', 1);
INSERT INTO verses (id, night_id, content, sort_order) VALUES ('44444444-4444-4444-4444-444400110001', '22222222-2222-2222-2222-222222220011', '﴿وَقُلِ اعْمَلُوا فَسَيَرَى اللَّهُ عَمَلَكُمْ﴾', 2);
INSERT INTO verses (id, night_id, content, sort_order) VALUES ('44444444-4444-4444-4444-444400110002', '22222222-2222-2222-2222-222222220011', '﴿إِنَّ اللَّهَ لَا يُغَيِّرُ مَا بِقَوْمٍ حَتَّىٰ يُغَيِّرُوا مَا بِأَنفُسِهِمْ﴾', 3);

INSERT INTO narrations (id, night_id, content, sort_order) VALUES ('55555555-5555-5555-5555-555500110000', '22222222-2222-2222-2222-222222220011', 'الإمام علي (ع): «إياك والكسل والضجر فإنهما مفتاح كل شر».', 1);
INSERT INTO narrations (id, night_id, content, sort_order) VALUES ('55555555-5555-5555-5555-555500110001', '22222222-2222-2222-2222-222222220011', 'الإمام الحسين (ع): «إنما خرجت لطلب الإصلاح».', 2);
INSERT INTO narrations (id, night_id, content, sort_order) VALUES ('55555555-5555-5555-5555-555500110002', '22222222-2222-2222-2222-222222220011', 'الإمام زين العابدين (ع): «إن أحبكم إلى الله أحسنكم عملاً».', 3);

INSERT INTO resources (id, night_id, title, url, sort_order) VALUES ('66666666-6666-6666-6666-666600110000', '22222222-2222-2222-2222-222222220011', '[في المعنى والدافعية] مفهوم الدافعية الداخلية (Intrinsic Motivation).', '#', 1);
INSERT INTO resources (id, night_id, title, url, sort_order) VALUES ('66666666-6666-6666-6666-666600110001', '22222222-2222-2222-2222-222222220011', '[في المعنى والدافعية] أثر وجود الهدف في مقاومة التسويف.', '#', 2);
INSERT INTO resources (id, night_id, title, url, sort_order) VALUES ('66666666-6666-6666-6666-666600110002', '22222222-2222-2222-2222-222222220011', '[في علم النفس السلوكي] Procrastination (التسويف).', '#', 3);
INSERT INTO resources (id, night_id, title, url, sort_order) VALUES ('66666666-6666-6666-6666-666600110003', '22222222-2222-2222-2222-222222220011', '[في علم النفس السلوكي] Habit Formation (تشكيل العادات).', '#', 4);
INSERT INTO resources (id, night_id, title, url, sort_order) VALUES ('66666666-6666-6666-6666-666600110004', '22222222-2222-2222-2222-222222220011', '[موضوعات مرتبطة] أثر البيئة في تشكيل السلوك.', '#', 5);
INSERT INTO resources (id, night_id, title, url, sort_order) VALUES ('66666666-6666-6666-6666-666600110005', '22222222-2222-2222-2222-222222220011', '[موضوعات مرتبطة] العلاقة بين المعنى والإنجاز.', '#', 6);

INSERT INTO cards (id, night_id, slug, type, title, content, status) VALUES ('77777777-7777-7777-7777-777700110000', '22222222-2222-2222-2222-222222220011', 'quote-night-11', 'quote', 'الإمام علي بن أبي طالب (ع)', 'إيّاك والكسل والضجر فإنهما مفتاح كل شر', 'published');
INSERT INTO cards (id, night_id, slug, type, title, content, status) VALUES ('77777777-7777-7777-7777-777700110001', '22222222-2222-2222-2222-222222220011', 'reflection-night-11', 'reflection', 'سؤال للتأمل', 'ما الشيء الذي تؤجله منذ زمن… مع أنك تعرف أن تأجيله يسرق جزءًا من حياتك؟', 'published');

INSERT INTO nights (id, season_id, number, title, slug, teaser, why_important, central_idea, quote, quote_author, reflection_question, practical_step, status, sort_order)
VALUES ('22222222-2222-2222-2222-222222220012', '11111111-1111-1111-1111-111111111111', 12, 'عشرة  الوقف الخيري', 'night-12', 'هل ينتهي الإنسان حين ينتهي عمره؟
أم يمكن لشيءٍ منه أن يبقى يتحرك في حياة الناس بعد رحيله؟
كثيرون يظنون أن الوقف يعني مسجدًا أو بناءً دينيًا فقط… لكن ماذا لو كان الوقف أوسع من ذلك بكثير؟
في هذه الليلة نقترب من سؤالٍ عميق: كيف يتحول الخير من لحظة عابرة… إلى أثرٍ لا يموت؟ وكيف يمكن أن يصبح الوقف مشروعًا يصنع التعليم، والعلاج، والوعي، وحياة الإنسان؟', 'لأن المشكلة ليست في قلة الخير… بل أحيانًا في ضيق تصورنا له.
كثير من الناس يريد أن يصنع أثرًا… لكنه لا يعرف أن الوقف ليس حكرًا على الأغنياء، ولا محدودًا بنمط واحد من العطاء.', 'الوقف ليس معاملة مالية فقط… بل محاولة إنسانية لصناعة أثر يبقى بعد الرحيل. والمطلوب اليوم ليس مجرد زيادة العطاء… بل توسيع مفهوم الوقف وتوجيهه نحو ما يبني الإنسان والمجتمع على المدى البعيد.', 'ليس السؤال: ماذا جمعت؟', 'بل: ماذا سيبقى منك بعد الرحيل؟', NULL, 'فكّر هذا الأسبوع:
لو أردت أن تبدأ وقفًا صغيرًا يناسب إمكاناتك… ماذا سيكون؟
علم؟ دعم طالب؟ علاج؟ كتاب؟ محتوى نافع؟
ابدأ بفكرة صغيرة… لكن قابلة للاستمرار.', 'published', 12);

INSERT INTO topics (id, night_id, title, content, sort_order) VALUES ('33333333-3333-3333-3333-333300120000', '22222222-2222-2222-2222-222222220012', 'الوقف: أثر يمتد بعد الموت', '• الفرق بين الصدقة العابرة والوقف المستمر.\n• ماذا سيبقى من الإنسان بعد رحيله؟\n• تحويل اللحظة إلى زمن… والخير إلى أثر ممتد.', 1);
INSERT INTO topics (id, night_id, title, content, sort_order) VALUES ('33333333-3333-3333-3333-333300120001', '22222222-2222-2222-2222-222222220012', 'لماذا لا يتحول الخير إلى أثر مستدام؟', '• ضعف الوعي بثقافة الوقف.\n• غياب الرؤية بعيدة المدى.\n• العاطفة غير المنظمة في توجيه العطاء.', 2);
INSERT INTO topics (id, night_id, title, content, sort_order) VALUES ('33333333-3333-3333-3333-333300120002', '22222222-2222-2222-2222-222222220012', 'توسيع مفهوم الوقف', '• هل الوقف يقتصر على المسجد والمجلس؟\n• الوقف بوصفه مشروعًا إنسانيًا وحضاريًا.\n• الفرق بين فعل الخير… وصناعة الخير.', 3);
INSERT INTO topics (id, night_id, title, content, sort_order) VALUES ('33333333-3333-3333-3333-333300120003', '22222222-2222-2222-2222-222222220012', 'نماذج من مدرسة أهل البيت (ع)', '• الإمام علي (ع) وإحياء الأرض والآبار.\n• الوقف بوصفه خدمة للحياة لا شكلًا دينيًا فقط.\n• الاستمرار الاجتماعي للخير.', 4);
INSERT INTO topics (id, night_id, title, content, sort_order) VALUES ('33333333-3333-3333-3333-333300120004', '22222222-2222-2222-2222-222222220012', 'مجالات الوقف المغفول عنها اليوم', '• الوقف التعليمي.\n• الوقف الصحي.\n• الوقف السكني.\n• وقف تفريج الكرب.\n• وقف الوعي والمعرفة.\n• وقف الأسرة والطفولة.', 5);

INSERT INTO verses (id, night_id, content, sort_order) VALUES ('44444444-4444-4444-4444-444400120000', '22222222-2222-2222-2222-222222220012', '﴿لَن تَنَالُوا الْبِرَّ حَتَّىٰ تُنفِقُوا مِمَّا تُحِبُّونَ﴾', 1);
INSERT INTO verses (id, night_id, content, sort_order) VALUES ('44444444-4444-4444-4444-444400120001', '22222222-2222-2222-2222-222222220012', '﴿وَمَا تُقَدِّمُوا لِأَنفُسِكُم مِّنْ خَيْرٍ تَجِدُوهُ عِندَ اللَّهِ﴾', 2);
INSERT INTO verses (id, night_id, content, sort_order) VALUES ('44444444-4444-4444-4444-444400120002', '22222222-2222-2222-2222-222222220012', '﴿إِنَّا نَحْنُ نُحْيِي الْمَوْتَىٰ وَنَكْتُبُ مَا قَدَّمُوا وَآثَارَهُمْ﴾', 3);

INSERT INTO narrations (id, night_id, content, sort_order) VALUES ('55555555-5555-5555-5555-555500120000', '22222222-2222-2222-2222-222222220012', 'الإمام علي (ع): نماذج الوقف في إحياء الأرض وحفر الآبار.', 1);
INSERT INTO narrations (id, night_id, content, sort_order) VALUES ('55555555-5555-5555-5555-555500120001', '22222222-2222-2222-2222-222222220012', 'توجيهات أهل البيت (ع) لرعاية الفقراء وطلاب العلم.', 2);
INSERT INTO narrations (id, night_id, content, sort_order) VALUES ('55555555-5555-5555-5555-555500120002', '22222222-2222-2222-2222-222222220012', 'مفهوم الصدقة الجارية والأثر الممتد.', 3);

INSERT INTO resources (id, night_id, title, url, sort_order) VALUES ('66666666-6666-6666-6666-666600120000', '22222222-2222-2222-2222-222222220012', '[في الوقف والتنمية المجتمعية] Sustainable Philanthropy (العطاء المستدام).', '#', 1);
INSERT INTO resources (id, night_id, title, url, sort_order) VALUES ('66666666-6666-6666-6666-666600120001', '22222222-2222-2222-2222-222222220012', '[في الوقف والتنمية المجتمعية] Social Impact (الأثر الاجتماعي طويل المدى).', '#', 2);
INSERT INTO resources (id, night_id, title, url, sort_order) VALUES ('66666666-6666-6666-6666-666600120002', '22222222-2222-2222-2222-222222220012', '[في الوقف والتنمية المجتمعية] Community Endowments (الأوقاف المجتمعية).', '#', 3);
INSERT INTO resources (id, night_id, title, url, sort_order) VALUES ('66666666-6666-6666-6666-666600120003', '22222222-2222-2222-2222-222222220012', '[في بناء الأثر] أثر التعليم والصحة في التنمية المجتمعية.', '#', 4);
INSERT INTO resources (id, night_id, title, url, sort_order) VALUES ('66666666-6666-6666-6666-666600120004', '22222222-2222-2222-2222-222222220012', '[في بناء الأثر] نماذج الوقف الحضاري في التاريخ الإسلامي.', '#', 5);

INSERT INTO cards (id, night_id, slug, type, title, content, status) VALUES ('77777777-7777-7777-7777-777700120000', '22222222-2222-2222-2222-222222220012', 'quote-night-12', 'quote', 'بل: ماذا سيبقى منك بعد الرحيل؟', 'ليس السؤال: ماذا جمعت؟', 'published');

INSERT INTO nights (id, season_id, number, title, slug, teaser, why_important, central_idea, quote, quote_author, reflection_question, practical_step, status, sort_order)
VALUES ('22222222-2222-2222-2222-222222220013', '11111111-1111-1111-1111-111111111111', 13, 'عشر السؤال كقناع للنفس', 'night-13', 'هل كل سؤال يُطرح بحثٌ عن إجابة فعلًا؟
أحيانًا نسأل… لا لنفهم، بل لأن شيئًا في داخلنا يتألم ولا يعرف كيف يتكلم. وأحيانًا تختبئ المشاعر خلف أسئلة تبدو عادية… لكنها تحمل وجعًا، أو لومًا، أو احتياجًا صامتًا.
في هذه الليلة نقترب من عالم الأسئلة الخفية: ماذا تقول أسئلتنا عنّا؟ وكيف يتحول الغموض في الكلام إلى مسافة في العلاقات؟', 'لأن كثيرًا من سوء الفهم في علاقاتنا لا يبدأ من الكلام القاسي… بل من الكلام غير الصادق.
حين لا نقول ما نشعر به بوضوح، تبدأ المشاعر بالاختباء خلف الأسئلة، واللوم، والتلميحات… فتتعب العلاقات دون أن نفهم السبب.', 'المشكلة ليست في السؤال نفسه… بل في النية المختبئة خلفه.
فبعض الأسئلة ليست طلبًا للفهم، بل قناعًا لمشاعر لا تملك الشجاعة لتقول نفسها مباشرة. وكلما ابتعدنا عن الصراحة… اقتربنا من سوء الفهم.', 'تكلّموا تُعرفوا، فإن المرء مخبوء تحت لسانه', 'الإمام علي بن أبي طالب (ع)', 'كم مرة سألتَ سؤالًا… بينما كنت في الحقيقة تريد أن تقول شيئًا آخر؟', 'هذا الأسبوع… حاول أن تستبدل سؤالًا مبطنًا بجملة صريحة.
بدل: “لمذا لم تسأل عني؟”
جرّب أن تقول: “أحتاج اهتمامك هذه الفترة”.', 'published', 13);

INSERT INTO topics (id, night_id, title, content, sort_order) VALUES ('33333333-3333-3333-3333-333300130000', '22222222-2222-2222-2222-222222220013', 'السؤال كقناع للنفس', '• لماذا يختبئ الإنسان أحيانًا خلف السؤال؟\n• حين يكون السؤال ترجمة لاحتياجٍ أو ألمٍ غير معلن.\n• الفرق بين السؤال الصادق والسؤال المتخفي.', 1);
INSERT INTO topics (id, night_id, title, content, sort_order) VALUES ('33333333-3333-3333-3333-333300130001', '22222222-2222-2222-2222-222222220013', 'السؤال كتنفيس لا كطلب فهم', '• لماذا نسأل أحيانًا ونحن لا نريد جوابًا؟\n• أثر الغضب والانفعال على طريقة السؤال.\n• متى يتحول السؤال إلى مجرد تفريغ نفسي؟', 2);
INSERT INTO topics (id, night_id, title, content, sort_order) VALUES ('33333333-3333-3333-3333-333300130002', '22222222-2222-2222-2222-222222220013', 'السؤال كاتهام غير مباشر', '• الأسئلة التي تحمل حكمًا مسبقًا.\n• كيف يتحول الحوار إلى دفاع وهجوم؟\n• أثر الظنون وسوء النية على العلاقات.', 3);
INSERT INTO topics (id, night_id, title, content, sort_order) VALUES ('33333333-3333-3333-3333-333300130003', '22222222-2222-2222-2222-222222220013', 'فجوة الفهم في العلاقات', '• حين يُجاب السؤال… ويُهمَل المقصود.\n• لماذا يشعر الطرفان أحيانًا بأنهما غير مفهومين؟\n• أهمية الإصغاء قبل الإجابة.', 4);
INSERT INTO topics (id, night_id, title, content, sort_order) VALUES ('33333333-3333-3333-3333-333300130004', '22222222-2222-2222-2222-222222220013', 'كيف نعيد بناء السؤال؟', '• الانتقال من التلميح إلى الوضوح.\n• التعبير الصادق عن الاحتياج والمشاعر.\n• الصراحة بوصفها نضجًا لا ضعفًا.', 5);

INSERT INTO verses (id, night_id, content, sort_order) VALUES ('44444444-4444-4444-4444-444400130000', '22222222-2222-2222-2222-222222220013', '﴿يَعْلَمُ خَائِنَةَ الأَعْيُنِ وَمَا تُخْفِي الصُّدُورُ﴾', 1);
INSERT INTO verses (id, night_id, content, sort_order) VALUES ('44444444-4444-4444-4444-444400130001', '22222222-2222-2222-2222-222222220013', '﴿يَا أَيُّهَا الَّذِينَ آمَنُوا اجْتَنِبُوا كَثِيرًا مِنَ الظَّنِّ﴾', 2);
INSERT INTO verses (id, night_id, content, sort_order) VALUES ('44444444-4444-4444-4444-444400130002', '22222222-2222-2222-2222-222222220013', '﴿وَقُولُوا لِلنَّاسِ حُسْنًا﴾', 3);

INSERT INTO narrations (id, night_id, content, sort_order) VALUES ('55555555-5555-5555-5555-555500130000', '22222222-2222-2222-2222-222222220013', 'الإمام علي (ع): «تكلّموا تُعرفوا، فإن المرء مخبوء تحت لسانه».', 1);
INSERT INTO narrations (id, night_id, content, sort_order) VALUES ('55555555-5555-5555-5555-555500130001', '22222222-2222-2222-2222-222222220013', 'منهج أهل البيت (ع): تجنّب الكلام وقت الغضب والانفعال.', 2);
INSERT INTO narrations (id, night_id, content, sort_order) VALUES ('55555555-5555-5555-5555-555500130002', '22222222-2222-2222-2222-222222220013', 'الإمام الصادق (ع): أهمية الإصغاء وفهم المقصود قبل الرد.', 3);

INSERT INTO resources (id, night_id, title, url, sort_order) VALUES ('66666666-6666-6666-6666-666600130000', '22222222-2222-2222-2222-222222220013', '[في علم النفس العاطفي والتواصل] Emotional Communication (التواصل العاطفي).', '#', 1);
INSERT INTO resources (id, night_id, title, url, sort_order) VALUES ('66666666-6666-6666-6666-666600130001', '22222222-2222-2222-2222-222222220013', '[في علم النفس العاطفي والتواصل] Emotional Avoidance (تجنّب التعبير عن المشاعر).', '#', 2);
INSERT INTO resources (id, night_id, title, url, sort_order) VALUES ('66666666-6666-6666-6666-666600130002', '22222222-2222-2222-2222-222222220013', '[في علم النفس العاطفي والتواصل] Passive Aggressive Communication (التواصل غير المباشر/السلبي).', '#', 3);
INSERT INTO resources (id, night_id, title, url, sort_order) VALUES ('66666666-6666-6666-6666-666600130003', '22222222-2222-2222-2222-222222220013', '[في العلاقات الإنسانية] أثر سوء الفهم العاطفي في العلاقات الأسرية.', '#', 4);
INSERT INTO resources (id, night_id, title, url, sort_order) VALUES ('66666666-6666-6666-6666-666600130004', '22222222-2222-2222-2222-222222220013', '[في العلاقات الإنسانية] الإصغاء الفعّال (Active Listening).', '#', 5);
INSERT INTO resources (id, night_id, title, url, sort_order) VALUES ('66666666-6666-6666-6666-666600130005', '22222222-2222-2222-2222-222222220013', '[في العلاقات الإنسانية] Vulnerability & Emotional Honesty (الصدق العاطفي).', '#', 6);

INSERT INTO cards (id, night_id, slug, type, title, content, status) VALUES ('77777777-7777-7777-7777-777700130000', '22222222-2222-2222-2222-222222220013', 'quote-night-13', 'quote', 'الإمام علي بن أبي طالب (ع)', 'تكلّموا تُعرفوا، فإن المرء مخبوء تحت لسانه', 'published');
INSERT INTO cards (id, night_id, slug, type, title, content, status) VALUES ('77777777-7777-7777-7777-777700130001', '22222222-2222-2222-2222-222222220013', 'reflection-night-13', 'reflection', 'سؤال للتأمل', 'كم مرة سألتَ سؤالًا… بينما كنت في الحقيقة تريد أن تقول شيئًا آخر؟', 'published');

